metric,model_key,domain,category,status,reason,n_records
gender_unigram,qwen3_8b_base,gender,American_actors,not_applicable,domain_outside_scope,10240
gender_unigram,qwen3_8b_base,gender,American_actresses,not_applicable,domain_outside_scope,5780
gender_unigram,qwen3_8b_base,political_ideology,anarchism,not_applicable,domain_outside_scope,790
gender_unigram,qwen3_8b_base,political_ideology,capitalism,not_applicable,domain_outside_scope,440
gender_unigram,qwen3_8b_base,political_ideology,communism,not_applicable,domain_outside_scope,655
gender_unigram,qwen3_8b_base,political_ideology,conservatism,not_applicable,domain_outside_scope,460
gender_unigram,qwen3_8b_base,political_ideology,democracy,not_applicable,domain_outside_scope,1710
gender_unigram,qwen3_8b_base,political_ideology,fascism,not_applicable,domain_outside_scope,575
gender_unigram,qwen3_8b_base,political_ideology,left-wing,not_applicable,domain_outside_scope,565
gender_unigram,qwen3_8b_base,political_ideology,liberalism,not_applicable,domain_outside_scope,460
gender_unigram,qwen3_8b_base,political_ideology,nationalism,not_applicable,domain_outside_scope,2265
gender_unigram,qwen3_8b_base,political_ideology,populism,not_applicable,domain_outside_scope,295
gender_unigram,qwen3_8b_base,political_ideology,right-wing,not_applicable,domain_outside_scope,410
gender_unigram,qwen3_8b_base,political_ideology,socialism,not_applicable,domain_outside_scope,1295
gender_unigram,qwen3_8b_base,profession,artistic_occupations,excluded,anonymization:no_dictionary_match,52
gender_unigram,qwen3_8b_base,profession,artistic_occupations,excluded,anonymization:no_prompt_match,11
gender_unigram,qwen3_8b_base,profession,artistic_occupations,excluded,anonymization:subject_entity_type_unverified,644
gender_unigram,qwen3_8b_base,profession,artistic_occupations,excluded,han_pending_review,101
gender_unigram,qwen3_8b_base,profession,artistic_occupations,excluded,han_pending_review;anonymization:no_dictionary_match,2
gender_unigram,qwen3_8b_base,profession,artistic_occupations,excluded,han_pending_review;anonymization:subject_entity_type_unverified,66
gender_unigram,qwen3_8b_base,profession,artistic_occupations,scored,,1289
gender_unigram,qwen3_8b_base,profession,computer_occupations,excluded,anonymization:no_dictionary_match,46
gender_unigram,qwen3_8b_base,profession,computer_occupations,excluded,anonymization:no_prompt_match,10
gender_unigram,qwen3_8b_base,profession,computer_occupations,excluded,anonymization:subject_entity_type_unverified,318
gender_unigram,qwen3_8b_base,profession,computer_occupations,excluded,han_pending_review,42
gender_unigram,qwen3_8b_base,profession,computer_occupations,excluded,han_pending_review;anonymization:no_dictionary_match,9
gender_unigram,qwen3_8b_base,profession,computer_occupations,excluded,han_pending_review;anonymization:subject_entity_type_unverified,37
gender_unigram,qwen3_8b_base,profession,computer_occupations,scored,,583
gender_unigram,qwen3_8b_base,profession,corporate_titles,excluded,anonymization:subject_entity_type_unverified,68
gender_unigram,qwen3_8b_base,profession,corporate_titles,excluded,han_pending_review,19
gender_unigram,qwen3_8b_base,profession,corporate_titles,excluded,han_pending_review;anonymization:subject_entity_type_unverified,7
gender_unigram,qwen3_8b_base,profession,corporate_titles,scored,,401
gender_unigram,qwen3_8b_base,profession,dance_occupations,excluded,anonymization:no_dictionary_match,4
gender_unigram,qwen3_8b_base,profession,dance_occupations,excluded,anonymization:no_prompt_match,1
gender_unigram,qwen3_8b_base,profession,dance_occupations,excluded,anonymization:subject_entity_type_unverified,2560
gender_unigram,qwen3_8b_base,profession,dance_occupations,excluded,han_pending_review,21
gender_unigram,qwen3_8b_base,profession,dance_occupations,excluded,han_pending_review;anonymization:subject_entity_type_unverified,165
gender_unigram,qwen3_8b_base,profession,dance_occupations,scored,,379
gender_unigram,qwen3_8b_base,profession,engineering_branches,excluded,anonymization:no_dictionary_match,48
gender_unigram,qwen3_8b_base,profession,engineering_branches,excluded,anonymization:no_prompt_match,12
gender_unigram,qwen3_8b_base,profession,engineering_branches,excluded,anonymization:subject_entity_type_unverified,14379
gender_unigram,qwen3_8b_base,profession,engineering_branches,excluded,han_pending_review,15
gender_unigram,qwen3_8b_base,profession,engineering_branches,excluded,han_pending_review;anonymization:no_dictionary_match,5
gender_unigram,qwen3_8b_base,profession,engineering_branches,excluded,han_pending_review;anonymization:subject_entity_type_unverified,971
gender_unigram,qwen3_8b_base,profession,engineering_branches,scored,,170
gender_unigram,qwen3_8b_base,profession,entertainer_occupations,excluded,anonymization:no_dictionary_match,42
gender_unigram,qwen3_8b_base,profession,entertainer_occupations,excluded,anonymization:no_prompt_match,13
gender_unigram,qwen3_8b_base,profession,entertainer_occupations,excluded,anonymization:subject_entity_type_unverified,429
gender_unigram,qwen3_8b_base,profession,entertainer_occupations,excluded,han_pending_review,150
gender_unigram,qwen3_8b_base,profession,entertainer_occupations,excluded,han_pending_review;anonymization:subject_entity_type_unverified,51
gender_unigram,qwen3_8b_base,profession,entertainer_occupations,scored,,1525
gender_unigram,qwen3_8b_base,profession,film_and_television_occupations,excluded,anonymization:subject_entity_type_unverified,585
gender_unigram,qwen3_8b_base,profession,film_and_television_occupations,excluded,han_pending_review,46
gender_unigram,qwen3_8b_base,profession,film_and_television_occupations,excluded,han_pending_review;anonymization:subject_entity_type_unverified,30
gender_unigram,qwen3_8b_base,profession,film_and_television_occupations,scored,,564
gender_unigram,qwen3_8b_base,profession,healthcare_occupations,excluded,anonymization:no_dictionary_match,112
gender_unigram,qwen3_8b_base,profession,healthcare_occupations,excluded,anonymization:no_prompt_match,70
gender_unigram,qwen3_8b_base,profession,healthcare_occupations,excluded,anonymization:subject_entity_type_unverified,5
gender_unigram,qwen3_8b_base,profession,healthcare_occupations,excluded,han_pending_review,91
gender_unigram,qwen3_8b_base,profession,healthcare_occupations,excluded,han_pending_review;anonymization:no_dictionary_match,6
gender_unigram,qwen3_8b_base,profession,healthcare_occupations,excluded,han_pending_review;anonymization:no_prompt_match,2
gender_unigram,qwen3_8b_base,profession,healthcare_occupations,scored,,2369
gender_unigram,qwen3_8b_base,profession,industrial_occupations,excluded,anonymization:no_dictionary_match,9
gender_unigram,qwen3_8b_base,profession,industrial_occupations,excluded,anonymization:no_prompt_match,1
gender_unigram,qwen3_8b_base,profession,industrial_occupations,excluded,anonymization:subject_entity_type_unverified,132
gender_unigram,qwen3_8b_base,profession,industrial_occupations,excluded,han_pending_review,20
gender_unigram,qwen3_8b_base,profession,industrial_occupations,excluded,han_pending_review;anonymization:subject_entity_type_unverified,8
gender_unigram,qwen3_8b_base,profession,industrial_occupations,scored,,365
gender_unigram,qwen3_8b_base,profession,mental_health_occupations,excluded,anonymization:no_dictionary_match,52
gender_unigram,qwen3_8b_base,profession,mental_health_occupations,excluded,anonymization:no_prompt_match,16
gender_unigram,qwen3_8b_base,profession,mental_health_occupations,excluded,anonymization:subject_entity_type_unverified,5
gender_unigram,qwen3_8b_base,profession,mental_health_occupations,excluded,han_pending_review,47
gender_unigram,qwen3_8b_base,profession,mental_health_occupations,excluded,han_pending_review;anonymization:no_dictionary_match,2
gender_unigram,qwen3_8b_base,profession,mental_health_occupations,scored,,1623
gender_unigram,qwen3_8b_base,profession,metalworking_occupations,excluded,anonymization:no_dictionary_match,37
gender_unigram,qwen3_8b_base,profession,metalworking_occupations,excluded,anonymization:no_prompt_match,21
gender_unigram,qwen3_8b_base,profession,metalworking_occupations,excluded,anonymization:subject_entity_type_unverified,2238
gender_unigram,qwen3_8b_base,profession,metalworking_occupations,excluded,han_pending_review,35
gender_unigram,qwen3_8b_base,profession,metalworking_occupations,excluded,han_pending_review;anonymization:no_dictionary_match,1
gender_unigram,qwen3_8b_base,profession,metalworking_occupations,excluded,han_pending_review;anonymization:no_prompt_match,1
gender_unigram,qwen3_8b_base,profession,metalworking_occupations,excluded,han_pending_review;anonymization:subject_entity_type_unverified,152
gender_unigram,qwen3_8b_base,profession,metalworking_occupations,scored,,640
gender_unigram,qwen3_8b_base,profession,nursing_specialties,excluded,anonymization:no_dictionary_match,2
gender_unigram,qwen3_8b_base,profession,nursing_specialties,excluded,anonymization:no_prompt_match,2
gender_unigram,qwen3_8b_base,profession,nursing_specialties,excluded,anonymization:subject_entity_type_unverified,1036
gender_unigram,qwen3_8b_base,profession,nursing_specialties,excluded,han_pending_review,3
gender_unigram,qwen3_8b_base,profession,nursing_specialties,excluded,han_pending_review;anonymization:no_dictionary_match,1
gender_unigram,qwen3_8b_base,profession,nursing_specialties,excluded,han_pending_review;anonymization:subject_entity_type_unverified,44
gender_unigram,qwen3_8b_base,profession,nursing_specialties,scored,,377
gender_unigram,qwen3_8b_base,profession,professional_driver_types,excluded,anonymization:subject_entity_type_unverified,77
gender_unigram,qwen3_8b_base,profession,professional_driver_types,excluded,han_pending_review,21
gender_unigram,qwen3_8b_base,profession,professional_driver_types,excluded,han_pending_review;anonymization:subject_entity_type_unverified,3
gender_unigram,qwen3_8b_base,profession,professional_driver_types,scored,,209
gender_unigram,qwen3_8b_base,profession,railway_industry_occupations,excluded,anonymization:no_dictionary_match,2
gender_unigram,qwen3_8b_base,profession,railway_industry_occupations,excluded,anonymization:subject_entity_type_unverified,216
gender_unigram,qwen3_8b_base,profession,railway_industry_occupations,excluded,han_pending_review,18
gender_unigram,qwen3_8b_base,profession,railway_industry_occupations,excluded,han_pending_review;anonymization:no_dictionary_match,3
gender_unigram,qwen3_8b_base,profession,railway_industry_occupations,excluded,han_pending_review;anonymization:subject_entity_type_unverified,4
gender_unigram,qwen3_8b_base,profession,railway_industry_occupations,scored,,442
gender_unigram,qwen3_8b_base,profession,scientific_occupations,excluded,anonymization:no_dictionary_match,186
gender_unigram,qwen3_8b_base,profession,scientific_occupations,excluded,anonymization:no_prompt_match,28
gender_unigram,qwen3_8b_base,profession,scientific_occupations,excluded,anonymization:subject_entity_type_unverified,1939
gender_unigram,qwen3_8b_base,profession,scientific_occupations,excluded,han_pending_review,128
gender_unigram,qwen3_8b_base,profession,scientific_occupations,excluded,han_pending_review;anonymization:no_dictionary_match,11
gender_unigram,qwen3_8b_base,profession,scientific_occupations,excluded,han_pending_review;anonymization:subject_entity_type_unverified,86
gender_unigram,qwen3_8b_base,profession,scientific_occupations,scored,,1742
gender_unigram,qwen3_8b_base,profession,sewing_occupations,excluded,anonymization:no_dictionary_match,31
gender_unigram,qwen3_8b_base,profession,sewing_occupations,excluded,anonymization:no_prompt_match,6
gender_unigram,qwen3_8b_base,profession,sewing_occupations,excluded,anonymization:subject_entity_type_unverified,3625
gender_unigram,qwen3_8b_base,profession,sewing_occupations,excluded,han_pending_review,8
gender_unigram,qwen3_8b_base,profession,sewing_occupations,excluded,han_pending_review;anonymization:no_dictionary_match,5
gender_unigram,qwen3_8b_base,profession,sewing_occupations,excluded,han_pending_review;anonymization:no_prompt_match,3
gender_unigram,qwen3_8b_base,profession,sewing_occupations,excluded,han_pending_review;anonymization:subject_entity_type_unverified,235
gender_unigram,qwen3_8b_base,profession,sewing_occupations,scored,,237
gender_unigram,qwen3_8b_base,profession,theatre_personnel,excluded,anonymization:no_dictionary_match,29
gender_unigram,qwen3_8b_base,profession,theatre_personnel,excluded,anonymization:no_prompt_match,8
gender_unigram,qwen3_8b_base,profession,theatre_personnel,excluded,anonymization:subject_entity_type_unverified,2529
gender_unigram,qwen3_8b_base,profession,theatre_personnel,excluded,han_pending_review,86
gender_unigram,qwen3_8b_base,profession,theatre_personnel,excluded,han_pending_review;anonymization:no_dictionary_match,2
gender_unigram,qwen3_8b_base,profession,theatre_personnel,excluded,han_pending_review;anonymization:no_prompt_match,1
gender_unigram,qwen3_8b_base,profession,theatre_personnel,excluded,han_pending_review;anonymization:subject_entity_type_unverified,156
gender_unigram,qwen3_8b_base,profession,theatre_personnel,scored,,1399
gender_unigram,qwen3_8b_base,profession,writing_occupations,excluded,anonymization:no_dictionary_match,8
gender_unigram,qwen3_8b_base,profession,writing_occupations,excluded,anonymization:no_prompt_match,6
gender_unigram,qwen3_8b_base,profession,writing_occupations,excluded,anonymization:subject_entity_type_unverified,579
gender_unigram,qwen3_8b_base,profession,writing_occupations,excluded,han_pending_review,110
gender_unigram,qwen3_8b_base,profession,writing_occupations,excluded,han_pending_review;anonymization:no_dictionary_match,1
gender_unigram,qwen3_8b_base,profession,writing_occupations,excluded,han_pending_review;anonymization:subject_entity_type_unverified,46
gender_unigram,qwen3_8b_base,profession,writing_occupations,scored,,1355
gender_unigram,qwen3_8b_base,race,African_Americans,not_applicable,domain_outside_scope,9270
gender_unigram,qwen3_8b_base,race,Asian_Americans,not_applicable,domain_outside_scope,4305
gender_unigram,qwen3_8b_base,race,European_Americans,not_applicable,domain_outside_scope,24195
gender_unigram,qwen3_8b_base,race,Hispanic_and_Latino_Americans,not_applicable,domain_outside_scope,515
gender_unigram,qwen3_8b_base,religious_ideology,atheism,not_applicable,domain_outside_scope,145
gender_unigram,qwen3_8b_base,religious_ideology,buddhism,not_applicable,domain_outside_scope,670
gender_unigram,qwen3_8b_base,religious_ideology,christianity,not_applicable,domain_outside_scope,855
gender_unigram,qwen3_8b_base,religious_ideology,hinduism,not_applicable,domain_outside_scope,60
gender_unigram,qwen3_8b_base,religious_ideology,islam,not_applicable,domain_outside_scope,545
gender_unigram,qwen3_8b_base,religious_ideology,judaism,not_applicable,domain_outside_scope,470
gender_unigram,qwen3_8b_base,religious_ideology,sikhism,not_applicable,domain_outside_scope,450
gender_unigram,qwen3_8b_post,gender,American_actors,not_applicable,domain_outside_scope,10240
gender_unigram,qwen3_8b_post,gender,American_actresses,not_applicable,domain_outside_scope,5780
gender_unigram,qwen3_8b_post,political_ideology,anarchism,not_applicable,domain_outside_scope,790
gender_unigram,qwen3_8b_post,political_ideology,capitalism,not_applicable,domain_outside_scope,440
gender_unigram,qwen3_8b_post,political_ideology,communism,not_applicable,domain_outside_scope,655
gender_unigram,qwen3_8b_post,political_ideology,conservatism,not_applicable,domain_outside_scope,460
gender_unigram,qwen3_8b_post,political_ideology,democracy,not_applicable,domain_outside_scope,1710
gender_unigram,qwen3_8b_post,political_ideology,fascism,not_applicable,domain_outside_scope,575
gender_unigram,qwen3_8b_post,political_ideology,left-wing,not_applicable,domain_outside_scope,565
gender_unigram,qwen3_8b_post,political_ideology,liberalism,not_applicable,domain_outside_scope,460
gender_unigram,qwen3_8b_post,political_ideology,nationalism,not_applicable,domain_outside_scope,2265
gender_unigram,qwen3_8b_post,political_ideology,populism,not_applicable,domain_outside_scope,295
gender_unigram,qwen3_8b_post,political_ideology,right-wing,not_applicable,domain_outside_scope,410
gender_unigram,qwen3_8b_post,political_ideology,socialism,not_applicable,domain_outside_scope,1295
gender_unigram,qwen3_8b_post,profession,artistic_occupations,excluded,anonymization:no_dictionary_match,54
gender_unigram,qwen3_8b_post,profession,artistic_occupations,excluded,anonymization:no_prompt_match,9
gender_unigram,qwen3_8b_post,profession,artistic_occupations,excluded,anonymization:subject_entity_type_unverified,668
gender_unigram,qwen3_8b_post,profession,artistic_occupations,excluded,han_pending_review,71
gender_unigram,qwen3_8b_post,profession,artistic_occupations,excluded,han_pending_review;anonymization:no_dictionary_match,2
gender_unigram,qwen3_8b_post,profession,artistic_occupations,excluded,han_pending_review;anonymization:subject_entity_type_unverified,42
gender_unigram,qwen3_8b_post,profession,artistic_occupations,scored,,1319
gender_unigram,qwen3_8b_post,profession,computer_occupations,excluded,anonymization:no_dictionary_match,56
gender_unigram,qwen3_8b_post,profession,computer_occupations,excluded,anonymization:no_prompt_match,8
gender_unigram,qwen3_8b_post,profession,computer_occupations,excluded,anonymization:subject_entity_type_unverified,328
gender_unigram,qwen3_8b_post,profession,computer_occupations,excluded,han_pending_review,28
gender_unigram,qwen3_8b_post,profession,computer_occupations,excluded,han_pending_review;anonymization:no_dictionary_match,1
gender_unigram,qwen3_8b_post,profession,computer_occupations,excluded,han_pending_review;anonymization:subject_entity_type_unverified,27
gender_unigram,qwen3_8b_post,profession,computer_occupations,scored,,597
gender_unigram,qwen3_8b_post,profession,corporate_titles,excluded,anonymization:subject_entity_type_unverified,68
gender_unigram,qwen3_8b_post,profession,corporate_titles,excluded,han_pending_review,18
gender_unigram,qwen3_8b_post,profession,corporate_titles,excluded,han_pending_review;anonymization:subject_entity_type_unverified,7
gender_unigram,qwen3_8b_post,profession,corporate_titles,scored,,402
gender_unigram,qwen3_8b_post,profession,dance_occupations,excluded,anonymization:no_dictionary_match,4
gender_unigram,qwen3_8b_post,profession,dance_occupations,excluded,anonymization:no_prompt_match,1
gender_unigram,qwen3_8b_post,profession,dance_occupations,excluded,anonymization:subject_entity_type_unverified,2625
gender_unigram,qwen3_8b_post,profession,dance_occupations,excluded,han_pending_review,10
gender_unigram,qwen3_8b_post,profession,dance_occupations,excluded,han_pending_review;anonymization:subject_entity_type_unverified,100
gender_unigram,qwen3_8b_post,profession,dance_occupations,scored,,390
gender_unigram,qwen3_8b_post,profession,engineering_branches,excluded,anonymization:no_dictionary_match,48
gender_unigram,qwen3_8b_post,profession,engineering_branches,excluded,anonymization:no_prompt_match,13
gender_unigram,qwen3_8b_post,profession,engineering_branches,excluded,anonymization:subject_entity_type_unverified,14580
gender_unigram,qwen3_8b_post,profession,engineering_branches,excluded,han_pending_review,5
gender_unigram,qwen3_8b_post,profession,engineering_branches,excluded,han_pending_review;anonymization:no_dictionary_match,4
gender_unigram,qwen3_8b_post,profession,engineering_branches,excluded,han_pending_review;anonymization:subject_entity_type_unverified,770
gender_unigram,qwen3_8b_post,profession,engineering_branches,scored,,180
gender_unigram,qwen3_8b_post,profession,entertainer_occupations,excluded,anonymization:no_dictionary_match,41
gender_unigram,qwen3_8b_post,profession,entertainer_occupations,excluded,anonymization:no_prompt_match,14
gender_unigram,qwen3_8b_post,profession,entertainer_occupations,excluded,anonymization:subject_entity_type_unverified,445
gender_unigram,qwen3_8b_post,profession,entertainer_occupations,excluded,han_pending_review,85
gender_unigram,qwen3_8b_post,profession,entertainer_occupations,excluded,han_pending_review;anonymization:subject_entity_type_unverified,35
gender_unigram,qwen3_8b_post,profession,entertainer_occupations,scored,,1590
gender_unigram,qwen3_8b_post,profession,film_and_television_occupations,excluded,anonymization:subject_entity_type_unverified,598
gender_unigram,qwen3_8b_post,profession,film_and_television_occupations,excluded,han_pending_review,26
gender_unigram,qwen3_8b_post,profession,film_and_television_occupations,excluded,han_pending_review;anonymization:subject_entity_type_unverified,17
gender_unigram,qwen3_8b_post,profession,film_and_television_occupations,scored,,584
gender_unigram,qwen3_8b_post,profession,healthcare_occupations,excluded,anonymization:no_dictionary_match,130
gender_unigram,qwen3_8b_post,profession,healthcare_occupations,excluded,anonymization:no_prompt_match,57
gender_unigram,qwen3_8b_post,profession,healthcare_occupations,excluded,anonymization:subject_entity_type_unverified,5
gender_unigram,qwen3_8b_post,profession,healthcare_occupations,excluded,han_pending_review,55
gender_unigram,qwen3_8b_post,profession,healthcare_occupations,excluded,han_pending_review;anonymization:no_dictionary_match,2
gender_unigram,qwen3_8b_post,profession,healthcare_occupations,excluded,han_pending_review;anonymization:no_prompt_match,1
gender_unigram,qwen3_8b_post,profession,healthcare_occupations,scored,,2405
gender_unigram,qwen3_8b_post,profession,industrial_occupations,excluded,anonymization:no_dictionary_match,9
gender_unigram,qwen3_8b_post,profession,industrial_occupations,excluded,anonymization:no_prompt_match,1
gender_unigram,qwen3_8b_post,profession,industrial_occupations,excluded,anonymization:subject_entity_type_unverified,136
gender_unigram,qwen3_8b_post,profession,industrial_occupations,excluded,han_pending_review,17
gender_unigram,qwen3_8b_post,profession,industrial_occupations,excluded,han_pending_review;anonymization:subject_entity_type_unverified,4
gender_unigram,qwen3_8b_post,profession,industrial_occupations,scored,,368
gender_unigram,qwen3_8b_post,profession,mental_health_occupations,excluded,anonymization:no_dictionary_match,53
gender_unigram,qwen3_8b_post,profession,mental_health_occupations,excluded,anonymization:no_prompt_match,17
gender_unigram,qwen3_8b_post,profession,mental_health_occupations,excluded,anonymization:subject_entity_type_unverified,5
gender_unigram,qwen3_8b_post,profession,mental_health_occupations,excluded,han_pending_review,40
gender_unigram,qwen3_8b_post,profession,mental_health_occupations,scored,,1630
gender_unigram,qwen3_8b_post,profession,metalworking_occupations,excluded,anonymization:no_dictionary_match,46
gender_unigram,qwen3_8b_post,profession,metalworking_occupations,excluded,anonymization:no_prompt_match,14
gender_unigram,qwen3_8b_post,profession,metalworking_occupations,excluded,anonymization:subject_entity_type_unverified,2265
gender_unigram,qwen3_8b_post,profession,metalworking_occupations,excluded,han_pending_review,17
gender_unigram,qwen3_8b_post,profession,metalworking_occupations,excluded,han_pending_review;anonymization:subject_entity_type_unverified,125
gender_unigram,qwen3_8b_post,profession,metalworking_occupations,scored,,658
gender_unigram,qwen3_8b_post,profession,nursing_specialties,excluded,anonymization:no_dictionary_match,4
gender_unigram,qwen3_8b_post,profession,nursing_specialties,excluded,anonymization:subject_entity_type_unverified,1061
gender_unigram,qwen3_8b_post,profession,nursing_specialties,excluded,han_pending_review,4
gender_unigram,qwen3_8b_post,profession,nursing_specialties,excluded,han_pending_review;anonymization:no_dictionary_match,1
gender_unigram,qwen3_8b_post,profession,nursing_specialties,excluded,han_pending_review;anonymization:subject_entity_type_unverified,19
gender_unigram,qwen3_8b_post,profession,nursing_specialties,scored,,376
gender_unigram,qwen3_8b_post,profession,professional_driver_types,excluded,anonymization:subject_entity_type_unverified,79
gender_unigram,qwen3_8b_post,profession,professional_driver_types,excluded,han_pending_review,5
gender_unigram,qwen3_8b_post,profession,professional_driver_types,excluded,han_pending_review;anonymization:subject_entity_type_unverified,1
gender_unigram,qwen3_8b_post,profession,professional_driver_types,scored,,225
gender_unigram,qwen3_8b_post,profession,railway_industry_occupations,excluded,anonymization:no_dictionary_match,4
gender_unigram,qwen3_8b_post,profession,railway_industry_occupations,excluded,anonymization:subject_entity_type_unverified,213
gender_unigram,qwen3_8b_post,profession,railway_industry_occupations,excluded,han_pending_review,14
gender_unigram,qwen3_8b_post,profession,railway_industry_occupations,excluded,han_pending_review;anonymization:no_dictionary_match,1
gender_unigram,qwen3_8b_post,profession,railway_industry_occupations,excluded,han_pending_review;anonymization:subject_entity_type_unverified,7
gender_unigram,qwen3_8b_post,profession,railway_industry_occupations,scored,,446
gender_unigram,qwen3_8b_post,profession,scientific_occupations,excluded,anonymization:no_dictionary_match,192
gender_unigram,qwen3_8b_post,profession,scientific_occupations,excluded,anonymization:no_prompt_match,22
gender_unigram,qwen3_8b_post,profession,scientific_occupations,excluded,anonymization:subject_entity_type_unverified,1961
gender_unigram,qwen3_8b_post,profession,scientific_occupations,excluded,han_pending_review,67
gender_unigram,qwen3_8b_post,profession,scientific_occupations,excluded,han_pending_review;anonymization:no_dictionary_match,11
gender_unigram,qwen3_8b_post,profession,scientific_occupations,excluded,han_pending_review;anonymization:subject_entity_type_unverified,64
gender_unigram,qwen3_8b_post,profession,scientific_occupations,scored,,1803
gender_unigram,qwen3_8b_post,profession,sewing_occupations,excluded,anonymization:no_dictionary_match,28
gender_unigram,qwen3_8b_post,profession,sewing_occupations,excluded,anonymization:no_prompt_match,8
gender_unigram,qwen3_8b_post,profession,sewing_occupations,excluded,anonymization:subject_entity_type_unverified,3721
gender_unigram,qwen3_8b_post,profession,sewing_occupations,excluded,han_pending_review,7
gender_unigram,qwen3_8b_post,profession,sewing_occupations,excluded,han_pending_review;anonymization:no_dictionary_match,8
gender_unigram,qwen3_8b_post,profession,sewing_occupations,excluded,han_pending_review;anonymization:no_prompt_match,1
gender_unigram,qwen3_8b_post,profession,sewing_occupations,excluded,han_pending_review;anonymization:subject_entity_type_unverified,139
gender_unigram,qwen3_8b_post,profession,sewing_occupations,scored,,238
gender_unigram,qwen3_8b_post,profession,theatre_personnel,excluded,anonymization:no_dictionary_match,31
gender_unigram,qwen3_8b_post,profession,theatre_personnel,excluded,anonymization:no_prompt_match,8
gender_unigram,qwen3_8b_post,profession,theatre_personnel,excluded,anonymization:subject_entity_type_unverified,2590
gender_unigram,qwen3_8b_post,profession,theatre_personnel,excluded,han_pending_review,63
gender_unigram,qwen3_8b_post,profession,theatre_personnel,excluded,han_pending_review;anonymization:no_dictionary_match,1
gender_unigram,qwen3_8b_post,profession,theatre_personnel,excluded,han_pending_review;anonymization:subject_entity_type_unverified,95
gender_unigram,qwen3_8b_post,profession,theatre_personnel,scored,,1422
gender_unigram,qwen3_8b_post,profession,writing_occupations,excluded,anonymization:no_dictionary_match,9
gender_unigram,qwen3_8b_post,profession,writing_occupations,excluded,anonymization:no_prompt_match,4
gender_unigram,qwen3_8b_post,profession,writing_occupations,excluded,anonymization:subject_entity_type_unverified,591
gender_unigram,qwen3_8b_post,profession,writing_occupations,excluded,han_pending_review,66
gender_unigram,qwen3_8b_post,profession,writing_occupations,excluded,han_pending_review;anonymization:no_dictionary_match,1
gender_unigram,qwen3_8b_post,profession,writing_occupations,excluded,han_pending_review;anonymization:no_prompt_match,1
gender_unigram,qwen3_8b_post,profession,writing_occupations,excluded,han_pending_review;anonymization:subject_entity_type_unverified,34
gender_unigram,qwen3_8b_post,profession,writing_occupations,scored,,1399
gender_unigram,qwen3_8b_post,race,African_Americans,not_applicable,domain_outside_scope,9270
gender_unigram,qwen3_8b_post,race,Asian_Americans,not_applicable,domain_outside_scope,4305
gender_unigram,qwen3_8b_post,race,European_Americans,not_applicable,domain_outside_scope,24195
gender_unigram,qwen3_8b_post,race,Hispanic_and_Latino_Americans,not_applicable,domain_outside_scope,515
gender_unigram,qwen3_8b_post,religious_ideology,atheism,not_applicable,domain_outside_scope,145
gender_unigram,qwen3_8b_post,religious_ideology,buddhism,not_applicable,domain_outside_scope,670
gender_unigram,qwen3_8b_post,religious_ideology,christianity,not_applicable,domain_outside_scope,855
gender_unigram,qwen3_8b_post,religious_ideology,hinduism,not_applicable,domain_outside_scope,60
gender_unigram,qwen3_8b_post,religious_ideology,islam,not_applicable,domain_outside_scope,545
gender_unigram,qwen3_8b_post,religious_ideology,judaism,not_applicable,domain_outside_scope,470
gender_unigram,qwen3_8b_post,religious_ideology,sikhism,not_applicable,domain_outside_scope,450
sentiment,qwen3_8b_base,gender,American_actors,excluded,anonymization:entity_crosses_prompt_boundary,55
sentiment,qwen3_8b_base,gender,American_actors,excluded,anonymization:ner_dictionary_overlap,806
sentiment,qwen3_8b_base,gender,American_actors,excluded,anonymization:no_entity_match,2
sentiment,qwen3_8b_base,gender,American_actors,excluded,anonymization:no_prompt_match,3
sentiment,qwen3_8b_base,gender,American_actors,excluded,anonymization:residual_target_name_candidate,746
sentiment,qwen3_8b_base,gender,American_actors,excluded,han_pending_review,26
sentiment,qwen3_8b_base,gender,American_actors,excluded,han_pending_review;anonymization:entity_crosses_prompt_boundary,1
sentiment,qwen3_8b_base,gender,American_actors,excluded,han_pending_review;anonymization:ner_dictionary_overlap,5
sentiment,qwen3_8b_base,gender,American_actors,scored,,8596
sentiment,qwen3_8b_base,gender,American_actresses,excluded,anonymization:entity_crosses_prompt_boundary,20
sentiment,qwen3_8b_base,gender,American_actresses,excluded,anonymization:ner_dictionary_overlap,612
sentiment,qwen3_8b_base,gender,American_actresses,excluded,anonymization:no_entity_match,1
sentiment,qwen3_8b_base,gender,American_actresses,excluded,anonymization:no_prompt_match,4
sentiment,qwen3_8b_base,gender,American_actresses,excluded,anonymization:residual_target_name_candidate,442
sentiment,qwen3_8b_base,gender,American_actresses,excluded,han_pending_review,29
sentiment,qwen3_8b_base,gender,American_actresses,excluded,han_pending_review;anonymization:entity_crosses_prompt_boundary,1
sentiment,qwen3_8b_base,gender,American_actresses,excluded,han_pending_review;anonymization:ner_dictionary_overlap,3
sentiment,qwen3_8b_base,gender,American_actresses,excluded,han_pending_review;anonymization:residual_target_name_candidate,1
sentiment,qwen3_8b_base,gender,American_actresses,scored,,4667
sentiment,qwen3_8b_base,political_ideology,anarchism,excluded,anonymization:no_dictionary_match,24
sentiment,qwen3_8b_base,political_ideology,anarchism,excluded,anonymization:no_prompt_match,6
sentiment,qwen3_8b_base,political_ideology,anarchism,excluded,han_pending_review,12
sentiment,qwen3_8b_base,political_ideology,anarchism,scored,,748
sentiment,qwen3_8b_base,political_ideology,capitalism,excluded,anonymization:no_dictionary_match,10
sentiment,qwen3_8b_base,political_ideology,capitalism,excluded,han_pending_review,32
sentiment,qwen3_8b_base,political_ideology,capitalism,scored,,398
sentiment,qwen3_8b_base,political_ideology,communism,excluded,anonymization:no_dictionary_match,56
sentiment,qwen3_8b_base,political_ideology,communism,excluded,anonymization:no_prompt_match,3
sentiment,qwen3_8b_base,political_ideology,communism,excluded,generation_status_not_ok;missing_or_empty_metric_text,5
sentiment,qwen3_8b_base,political_ideology,communism,excluded,han_pending_review,18
sentiment,qwen3_8b_base,political_ideology,communism,excluded,han_pending_review;anonymization:no_dictionary_match,1
sentiment,qwen3_8b_base,political_ideology,communism,scored,,572
sentiment,qwen3_8b_base,political_ideology,conservatism,excluded,anonymization:no_dictionary_match,5
sentiment,qwen3_8b_base,political_ideology,conservatism,excluded,generation_status_not_ok;missing_or_empty_metric_text,5
sentiment,qwen3_8b_base,political_ideology,conservatism,excluded,han_pending_review,22
sentiment,qwen3_8b_base,political_ideology,conservatism,scored,,428
sentiment,qwen3_8b_base,political_ideology,democracy,excluded,anonymization:no_dictionary_match,65
sentiment,qwen3_8b_base,political_ideology,democracy,excluded,anonymization:no_prompt_match,9
sentiment,qwen3_8b_base,political_ideology,democracy,excluded,han_pending_review,64
sentiment,qwen3_8b_base,political_ideology,democracy,excluded,han_pending_review;anonymization:no_dictionary_match,1
sentiment,qwen3_8b_base,political_ideology,democracy,scored,,1571
sentiment,qwen3_8b_base,political_ideology,fascism,excluded,anonymization:no_dictionary_match,10
sentiment,qwen3_8b_base,political_ideology,fascism,excluded,han_pending_review,13
sentiment,qwen3_8b_base,political_ideology,fascism,scored,,552
sentiment,qwen3_8b_base,political_ideology,left-wing,excluded,anonymization:no_dictionary_match,303
sentiment,qwen3_8b_base,political_ideology,left-wing,excluded,anonymization:no_prompt_match,87
sentiment,qwen3_8b_base,political_ideology,left-wing,excluded,han_pending_review,5
sentiment,qwen3_8b_base,political_ideology,left-wing,excluded,han_pending_review;anonymization:no_dictionary_match,15
sentiment,qwen3_8b_base,political_ideology,left-wing,scored,,155
sentiment,qwen3_8b_base,political_ideology,liberalism,excluded,anonymization:no_dictionary_match,8
sentiment,qwen3_8b_base,political_ideology,liberalism,excluded,anonymization:no_prompt_match,1
sentiment,qwen3_8b_base,political_ideology,liberalism,excluded,generation_status_not_ok;missing_or_empty_metric_text,5
sentiment,qwen3_8b_base,political_ideology,liberalism,excluded,han_pending_review,12
sentiment,qwen3_8b_base,political_ideology,liberalism,excluded,han_pending_review;anonymization:no_dictionary_match,1
sentiment,qwen3_8b_base,political_ideology,liberalism,scored,,433
sentiment,qwen3_8b_base,political_ideology,nationalism,excluded,anonymization:no_dictionary_match,113
sentiment,qwen3_8b_base,political_ideology,nationalism,excluded,anonymization:no_prompt_match,6
sentiment,qwen3_8b_base,political_ideology,nationalism,excluded,han_pending_review,68
sentiment,qwen3_8b_base,political_ideology,nationalism,excluded,han_pending_review;anonymization:no_dictionary_match,1
sentiment,qwen3_8b_base,political_ideology,nationalism,scored,,2077
sentiment,qwen3_8b_base,political_ideology,populism,excluded,anonymization:no_dictionary_match,1
sentiment,qwen3_8b_base,political_ideology,populism,excluded,anonymization:no_prompt_match,4
sentiment,qwen3_8b_base,political_ideology,populism,excluded,han_pending_review,15
sentiment,qwen3_8b_base,political_ideology,populism,scored,,275
sentiment,qwen3_8b_base,political_ideology,right-wing,excluded,anonymization:no_dictionary_match,245
sentiment,qwen3_8b_base,political_ideology,right-wing,excluded,anonymization:no_prompt_match,37
sentiment,qwen3_8b_base,political_ideology,right-wing,excluded,han_pending_review,1
sentiment,qwen3_8b_base,political_ideology,right-wing,excluded,han_pending_review;anonymization:no_dictionary_match,17
sentiment,qwen3_8b_base,political_ideology,right-wing,excluded,han_pending_review;anonymization:no_prompt_match,1
sentiment,qwen3_8b_base,political_ideology,right-wing,scored,,109
sentiment,qwen3_8b_base,political_ideology,socialism,excluded,anonymization:no_dictionary_match,27
sentiment,qwen3_8b_base,political_ideology,socialism,excluded,anonymization:no_prompt_match,7
sentiment,qwen3_8b_base,political_ideology,socialism,excluded,han_pending_review,42
sentiment,qwen3_8b_base,political_ideology,socialism,excluded,han_pending_review;anonymization:no_dictionary_match,1
sentiment,qwen3_8b_base,political_ideology,socialism,scored,,1218
sentiment,qwen3_8b_base,profession,artistic_occupations,not_applicable,domain_outside_scope,2165
sentiment,qwen3_8b_base,profession,computer_occupations,not_applicable,domain_outside_scope,1045
sentiment,qwen3_8b_base,profession,corporate_titles,not_applicable,domain_outside_scope,495
sentiment,qwen3_8b_base,profession,dance_occupations,not_applicable,domain_outside_scope,3130
sentiment,qwen3_8b_base,profession,engineering_branches,not_applicable,domain_outside_scope,15600
sentiment,qwen3_8b_base,profession,entertainer_occupations,not_applicable,domain_outside_scope,2210
sentiment,qwen3_8b_base,profession,film_and_television_occupations,not_applicable,domain_outside_scope,1225
sentiment,qwen3_8b_base,profession,healthcare_occupations,not_applicable,domain_outside_scope,2655
sentiment,qwen3_8b_base,profession,industrial_occupations,not_applicable,domain_outside_scope,535
sentiment,qwen3_8b_base,profession,mental_health_occupations,not_applicable,domain_outside_scope,1745
sentiment,qwen3_8b_base,profession,metalworking_occupations,not_applicable,domain_outside_scope,3125
sentiment,qwen3_8b_base,profession,nursing_specialties,not_applicable,domain_outside_scope,1465
sentiment,qwen3_8b_base,profession,professional_driver_types,not_applicable,domain_outside_scope,310
sentiment,qwen3_8b_base,profession,railway_industry_occupations,not_applicable,domain_outside_scope,685
sentiment,qwen3_8b_base,profession,scientific_occupations,not_applicable,domain_outside_scope,4120
sentiment,qwen3_8b_base,profession,sewing_occupations,not_applicable,domain_outside_scope,4150
sentiment,qwen3_8b_base,profession,theatre_personnel,not_applicable,domain_outside_scope,4210
sentiment,qwen3_8b_base,profession,writing_occupations,not_applicable,domain_outside_scope,2105
sentiment,qwen3_8b_base,race,African_Americans,excluded,anonymization:entity_crosses_prompt_boundary,120
sentiment,qwen3_8b_base,race,African_Americans,excluded,anonymization:ner_dictionary_overlap,1094
sentiment,qwen3_8b_base,race,African_Americans,excluded,anonymization:no_entity_match,10
sentiment,qwen3_8b_base,race,African_Americans,excluded,anonymization:no_prompt_match,10
sentiment,qwen3_8b_base,race,African_Americans,excluded,anonymization:residual_target_name_candidate,729
sentiment,qwen3_8b_base,race,African_Americans,excluded,han_pending_review,56
sentiment,qwen3_8b_base,race,African_Americans,excluded,han_pending_review;anonymization:entity_crosses_prompt_boundary,1
sentiment,qwen3_8b_base,race,African_Americans,excluded,han_pending_review;anonymization:ner_dictionary_overlap,8
sentiment,qwen3_8b_base,race,African_Americans,excluded,han_pending_review;anonymization:no_entity_match,3
sentiment,qwen3_8b_base,race,African_Americans,excluded,han_pending_review;anonymization:no_prompt_match,1
sentiment,qwen3_8b_base,race,African_Americans,excluded,han_pending_review;anonymization:residual_target_name_candidate,2
sentiment,qwen3_8b_base,race,African_Americans,scored,,7236
sentiment,qwen3_8b_base,race,Asian_Americans,excluded,anonymization:entity_crosses_prompt_boundary,84
sentiment,qwen3_8b_base,race,Asian_Americans,excluded,anonymization:ner_dictionary_overlap,221
sentiment,qwen3_8b_base,race,Asian_Americans,excluded,anonymization:no_entity_match,37
sentiment,qwen3_8b_base,race,Asian_Americans,excluded,anonymization:no_prompt_match,23
sentiment,qwen3_8b_base,race,Asian_Americans,excluded,anonymization:residual_target_name_candidate,220
sentiment,qwen3_8b_base,race,Asian_Americans,excluded,anonymization:subject_entity_type_unverified,327
sentiment,qwen3_8b_base,race,Asian_Americans,excluded,han_pending_review,40
sentiment,qwen3_8b_base,race,Asian_Americans,excluded,han_pending_review;anonymization:entity_crosses_prompt_boundary,4
sentiment,qwen3_8b_base,race,Asian_Americans,excluded,han_pending_review;anonymization:ner_dictionary_overlap,4
sentiment,qwen3_8b_base,race,Asian_Americans,excluded,han_pending_review;anonymization:no_entity_match,7
sentiment,qwen3_8b_base,race,Asian_Americans,excluded,han_pending_review;anonymization:residual_target_name_candidate,5
sentiment,qwen3_8b_base,race,Asian_Americans,excluded,han_pending_review;anonymization:subject_entity_type_unverified,3
sentiment,qwen3_8b_base,race,Asian_Americans,scored,,3330
sentiment,qwen3_8b_base,race,European_Americans,excluded,anonymization:entity_crosses_prompt_boundary,570
sentiment,qwen3_8b_base,race,European_Americans,excluded,anonymization:ner_dictionary_overlap,2929
sentiment,qwen3_8b_base,race,European_Americans,excluded,anonymization:no_entity_match,67
sentiment,qwen3_8b_base,race,European_Americans,excluded,anonymization:no_prompt_match,72
sentiment,qwen3_8b_base,race,European_Americans,excluded,anonymization:residual_target_name_candidate,2303
sentiment,qwen3_8b_base,race,European_Americans,excluded,anonymization:subject_entity_type_unverified,304
sentiment,qwen3_8b_base,race,European_Americans,excluded,han_pending_review,136
sentiment,qwen3_8b_base,race,European_Americans,excluded,han_pending_review;anonymization:entity_crosses_prompt_boundary,5
sentiment,qwen3_8b_base,race,European_Americans,excluded,han_pending_review;anonymization:ner_dictionary_overlap,23
sentiment,qwen3_8b_base,race,European_Americans,excluded,han_pending_review;anonymization:no_entity_match,1
sentiment,qwen3_8b_base,race,European_Americans,excluded,han_pending_review;anonymization:residual_target_name_candidate,4
sentiment,qwen3_8b_base,race,European_Americans,excluded,han_pending_review;anonymization:subject_entity_type_unverified,1
sentiment,qwen3_8b_base,race,European_Americans,scored,,17780
sentiment,qwen3_8b_base,race,Hispanic_and_Latino_Americans,excluded,anonymization:entity_crosses_prompt_boundary,9
sentiment,qwen3_8b_base,race,Hispanic_and_Latino_Americans,excluded,anonymization:ner_dictionary_overlap,63
sentiment,qwen3_8b_base,race,Hispanic_and_Latino_Americans,excluded,anonymization:no_entity_match,30
sentiment,qwen3_8b_base,race,Hispanic_and_Latino_Americans,excluded,anonymization:no_prompt_match,6
sentiment,qwen3_8b_base,race,Hispanic_and_Latino_Americans,excluded,anonymization:residual_target_name_candidate,28
sentiment,qwen3_8b_base,race,Hispanic_and_Latino_Americans,excluded,han_pending_review,3
sentiment,qwen3_8b_base,race,Hispanic_and_Latino_Americans,excluded,han_pending_review;anonymization:entity_crosses_prompt_boundary,1
sentiment,qwen3_8b_base,race,Hispanic_and_Latino_Americans,excluded,han_pending_review;anonymization:ner_dictionary_overlap,1
sentiment,qwen3_8b_base,race,Hispanic_and_Latino_Americans,excluded,han_pending_review;anonymization:residual_target_name_candidate,1
sentiment,qwen3_8b_base,race,Hispanic_and_Latino_Americans,scored,,373
sentiment,qwen3_8b_base,religious_ideology,atheism,excluded,anonymization:no_dictionary_match,4
sentiment,qwen3_8b_base,religious_ideology,atheism,excluded,anonymization:no_prompt_match,1
sentiment,qwen3_8b_base,religious_ideology,atheism,excluded,generation_status_not_ok;missing_or_empty_metric_text,5
sentiment,qwen3_8b_base,religious_ideology,atheism,excluded,han_pending_review,5
sentiment,qwen3_8b_base,religious_ideology,atheism,scored,,130
sentiment,qwen3_8b_base,religious_ideology,buddhism,excluded,anonymization:no_dictionary_match,8
sentiment,qwen3_8b_base,religious_ideology,buddhism,excluded,anonymization:no_prompt_match,7
sentiment,qwen3_8b_base,religious_ideology,buddhism,excluded,han_pending_review,42
sentiment,qwen3_8b_base,religious_ideology,buddhism,scored,,613
sentiment,qwen3_8b_base,religious_ideology,christianity,excluded,anonymization:no_dictionary_match,10
sentiment,qwen3_8b_base,religious_ideology,christianity,excluded,han_pending_review,23
sentiment,qwen3_8b_base,religious_ideology,christianity,scored,,822
sentiment,qwen3_8b_base,religious_ideology,hinduism,scored,,60
sentiment,qwen3_8b_base,religious_ideology,islam,excluded,anonymization:no_dictionary_match,5
sentiment,qwen3_8b_base,religious_ideology,islam,excluded,generation_status_not_ok;missing_or_empty_metric_text,5
sentiment,qwen3_8b_base,religious_ideology,islam,excluded,han_pending_review,16
sentiment,qwen3_8b_base,religious_ideology,islam,scored,,519
sentiment,qwen3_8b_base,religious_ideology,judaism,excluded,anonymization:no_dictionary_match,8
sentiment,qwen3_8b_base,religious_ideology,judaism,excluded,anonymization:no_prompt_match,2
sentiment,qwen3_8b_base,religious_ideology,judaism,excluded,han_pending_review,7
sentiment,qwen3_8b_base,religious_ideology,judaism,scored,,453
sentiment,qwen3_8b_base,religious_ideology,sikhism,excluded,han_pending_review,7
sentiment,qwen3_8b_base,religious_ideology,sikhism,scored,,443
sentiment,qwen3_8b_post,gender,American_actors,excluded,anonymization:entity_crosses_prompt_boundary,62
sentiment,qwen3_8b_post,gender,American_actors,excluded,anonymization:ner_dictionary_overlap,778
sentiment,qwen3_8b_post,gender,American_actors,excluded,anonymization:no_entity_match,3
sentiment,qwen3_8b_post,gender,American_actors,excluded,anonymization:no_prompt_match,2
sentiment,qwen3_8b_post,gender,American_actors,excluded,anonymization:residual_target_name_candidate,246
sentiment,qwen3_8b_post,gender,American_actors,excluded,han_pending_review,17
sentiment,qwen3_8b_post,gender,American_actors,excluded,han_pending_review;anonymization:ner_dictionary_overlap,4
sentiment,qwen3_8b_post,gender,American_actors,excluded,han_pending_review;anonymization:residual_target_name_candidate,1
sentiment,qwen3_8b_post,gender,American_actors,scored,,9127
sentiment,qwen3_8b_post,gender,American_actresses,excluded,anonymization:entity_crosses_prompt_boundary,18
sentiment,qwen3_8b_post,gender,American_actresses,excluded,anonymization:ner_dictionary_overlap,578
sentiment,qwen3_8b_post,gender,American_actresses,excluded,anonymization:no_entity_match,1
sentiment,qwen3_8b_post,gender,American_actresses,excluded,anonymization:no_prompt_match,4
sentiment,qwen3_8b_post,gender,American_actresses,excluded,anonymization:residual_target_name_candidate,139
sentiment,qwen3_8b_post,gender,American_actresses,excluded,han_pending_review,10
sentiment,qwen3_8b_post,gender,American_actresses,excluded,han_pending_review;anonymization:ner_dictionary_overlap,2
sentiment,qwen3_8b_post,gender,American_actresses,excluded,han_pending_review;anonymization:residual_target_name_candidate,2
sentiment,qwen3_8b_post,gender,American_actresses,scored,,5026
sentiment,qwen3_8b_post,political_ideology,anarchism,excluded,anonymization:no_dictionary_match,24
sentiment,qwen3_8b_post,political_ideology,anarchism,excluded,anonymization:no_prompt_match,6
sentiment,qwen3_8b_post,political_ideology,anarchism,excluded,han_pending_review,13
sentiment,qwen3_8b_post,political_ideology,anarchism,scored,,747
sentiment,qwen3_8b_post,political_ideology,capitalism,excluded,anonymization:no_dictionary_match,10
sentiment,qwen3_8b_post,political_ideology,capitalism,excluded,han_pending_review,19
sentiment,qwen3_8b_post,political_ideology,capitalism,scored,,411
sentiment,qwen3_8b_post,political_ideology,communism,excluded,anonymization:no_dictionary_match,58
sentiment,qwen3_8b_post,political_ideology,communism,excluded,anonymization:no_prompt_match,2
sentiment,qwen3_8b_post,political_ideology,communism,excluded,generation_status_not_ok;missing_or_empty_metric_text,5
sentiment,qwen3_8b_post,political_ideology,communism,excluded,han_pending_review,11
sentiment,qwen3_8b_post,political_ideology,communism,scored,,579
sentiment,qwen3_8b_post,political_ideology,conservatism,excluded,anonymization:no_dictionary_match,5
sentiment,qwen3_8b_post,political_ideology,conservatism,excluded,generation_status_not_ok;missing_or_empty_metric_text,5
sentiment,qwen3_8b_post,political_ideology,conservatism,excluded,han_pending_review,14
sentiment,qwen3_8b_post,political_ideology,conservatism,scored,,436
sentiment,qwen3_8b_post,political_ideology,democracy,excluded,anonymization:no_dictionary_match,72
sentiment,qwen3_8b_post,political_ideology,democracy,excluded,anonymization:no_prompt_match,3
sentiment,qwen3_8b_post,political_ideology,democracy,excluded,han_pending_review,52
sentiment,qwen3_8b_post,political_ideology,democracy,scored,,1583
sentiment,qwen3_8b_post,political_ideology,fascism,excluded,anonymization:no_dictionary_match,10
sentiment,qwen3_8b_post,political_ideology,fascism,excluded,han_pending_review,8
sentiment,qwen3_8b_post,political_ideology,fascism,scored,,557
sentiment,qwen3_8b_post,political_ideology,left-wing,excluded,anonymization:no_dictionary_match,321
sentiment,qwen3_8b_post,political_ideology,left-wing,excluded,anonymization:no_prompt_match,76
sentiment,qwen3_8b_post,political_ideology,left-wing,excluded,han_pending_review,7
sentiment,qwen3_8b_post,political_ideology,left-wing,excluded,han_pending_review;anonymization:no_dictionary_match,7
sentiment,qwen3_8b_post,political_ideology,left-wing,excluded,han_pending_review;anonymization:no_prompt_match,1
sentiment,qwen3_8b_post,political_ideology,left-wing,scored,,153
sentiment,qwen3_8b_post,political_ideology,liberalism,excluded,anonymization:no_dictionary_match,8
sentiment,qwen3_8b_post,political_ideology,liberalism,excluded,anonymization:no_prompt_match,2
sentiment,qwen3_8b_post,political_ideology,liberalism,excluded,generation_status_not_ok;missing_or_empty_metric_text,5
sentiment,qwen3_8b_post,political_ideology,liberalism,excluded,han_pending_review,18
sentiment,qwen3_8b_post,political_ideology,liberalism,scored,,427
sentiment,qwen3_8b_post,political_ideology,nationalism,excluded,anonymization:no_dictionary_match,107
sentiment,qwen3_8b_post,political_ideology,nationalism,excluded,anonymization:no_prompt_match,9
sentiment,qwen3_8b_post,political_ideology,nationalism,excluded,han_pending_review,43
sentiment,qwen3_8b_post,political_ideology,nationalism,excluded,han_pending_review;anonymization:no_dictionary_match,4
sentiment,qwen3_8b_post,political_ideology,nationalism,scored,,2102
sentiment,qwen3_8b_post,political_ideology,populism,excluded,anonymization:no_dictionary_match,2
sentiment,qwen3_8b_post,political_ideology,populism,excluded,anonymization:no_prompt_match,1
sentiment,qwen3_8b_post,political_ideology,populism,excluded,han_pending_review,19
sentiment,qwen3_8b_post,political_ideology,populism,excluded,han_pending_review;anonymization:no_dictionary_match,2
sentiment,qwen3_8b_post,political_ideology,populism,scored,,271
sentiment,qwen3_8b_post,political_ideology,right-wing,excluded,anonymization:no_dictionary_match,268
sentiment,qwen3_8b_post,political_ideology,right-wing,excluded,anonymization:no_prompt_match,23
sentiment,qwen3_8b_post,political_ideology,right-wing,excluded,han_pending_review;anonymization:no_dictionary_match,9
sentiment,qwen3_8b_post,political_ideology,right-wing,scored,,110
sentiment,qwen3_8b_post,political_ideology,socialism,excluded,anonymization:no_dictionary_match,32
sentiment,qwen3_8b_post,political_ideology,socialism,excluded,anonymization:no_prompt_match,3
sentiment,qwen3_8b_post,political_ideology,socialism,excluded,han_pending_review,33
sentiment,qwen3_8b_post,political_ideology,socialism,scored,,1227
sentiment,qwen3_8b_post,profession,artistic_occupations,not_applicable,domain_outside_scope,2165
sentiment,qwen3_8b_post,profession,computer_occupations,not_applicable,domain_outside_scope,1045
sentiment,qwen3_8b_post,profession,corporate_titles,not_applicable,domain_outside_scope,495
sentiment,qwen3_8b_post,profession,dance_occupations,not_applicable,domain_outside_scope,3130
sentiment,qwen3_8b_post,profession,engineering_branches,not_applicable,domain_outside_scope,15600
sentiment,qwen3_8b_post,profession,entertainer_occupations,not_applicable,domain_outside_scope,2210
sentiment,qwen3_8b_post,profession,film_and_television_occupations,not_applicable,domain_outside_scope,1225
sentiment,qwen3_8b_post,profession,healthcare_occupations,not_applicable,domain_outside_scope,2655
sentiment,qwen3_8b_post,profession,industrial_occupations,not_applicable,domain_outside_scope,535
sentiment,qwen3_8b_post,profession,mental_health_occupations,not_applicable,domain_outside_scope,1745
sentiment,qwen3_8b_post,profession,metalworking_occupations,not_applicable,domain_outside_scope,3125
sentiment,qwen3_8b_post,profession,nursing_specialties,not_applicable,domain_outside_scope,1465
sentiment,qwen3_8b_post,profession,professional_driver_types,not_applicable,domain_outside_scope,310
sentiment,qwen3_8b_post,profession,railway_industry_occupations,not_applicable,domain_outside_scope,685
sentiment,qwen3_8b_post,profession,scientific_occupations,not_applicable,domain_outside_scope,4120
sentiment,qwen3_8b_post,profession,sewing_occupations,not_applicable,domain_outside_scope,4150
sentiment,qwen3_8b_post,profession,theatre_personnel,not_applicable,domain_outside_scope,4210
sentiment,qwen3_8b_post,profession,writing_occupations,not_applicable,domain_outside_scope,2105
sentiment,qwen3_8b_post,race,African_Americans,excluded,anonymization:entity_crosses_prompt_boundary,122
sentiment,qwen3_8b_post,race,African_Americans,excluded,anonymization:ner_dictionary_overlap,1042
sentiment,qwen3_8b_post,race,African_Americans,excluded,anonymization:no_entity_match,17
sentiment,qwen3_8b_post,race,African_Americans,excluded,anonymization:no_prompt_match,12
sentiment,qwen3_8b_post,race,African_Americans,excluded,anonymization:residual_target_name_candidate,372
sentiment,qwen3_8b_post,race,African_Americans,excluded,han_pending_review,29
sentiment,qwen3_8b_post,race,African_Americans,excluded,han_pending_review;anonymization:ner_dictionary_overlap,4
sentiment,qwen3_8b_post,race,African_Americans,scored,,7672
sentiment,qwen3_8b_post,race,Asian_Americans,excluded,anonymization:entity_crosses_prompt_boundary,85
sentiment,qwen3_8b_post,race,Asian_Americans,excluded,anonymization:ner_dictionary_overlap,207
sentiment,qwen3_8b_post,race,Asian_Americans,excluded,anonymization:no_entity_match,46
sentiment,qwen3_8b_post,race,Asian_Americans,excluded,anonymization:no_prompt_match,19
sentiment,qwen3_8b_post,race,Asian_Americans,excluded,anonymization:residual_target_name_candidate,90
sentiment,qwen3_8b_post,race,Asian_Americans,excluded,anonymization:subject_entity_type_unverified,330
sentiment,qwen3_8b_post,race,Asian_Americans,excluded,han_pending_review,34
sentiment,qwen3_8b_post,race,Asian_Americans,excluded,han_pending_review;anonymization:entity_crosses_prompt_boundary,1
sentiment,qwen3_8b_post,race,Asian_Americans,excluded,han_pending_review;anonymization:ner_dictionary_overlap,1
sentiment,qwen3_8b_post,race,Asian_Americans,excluded,han_pending_review;anonymization:no_entity_match,1
sentiment,qwen3_8b_post,race,Asian_Americans,excluded,han_pending_review;anonymization:residual_target_name_candidate,2
sentiment,qwen3_8b_post,race,Asian_Americans,scored,,3489
sentiment,qwen3_8b_post,race,European_Americans,excluded,anonymization:entity_crosses_prompt_boundary,515
sentiment,qwen3_8b_post,race,European_Americans,excluded,anonymization:ner_dictionary_overlap,2877
sentiment,qwen3_8b_post,race,European_Americans,excluded,anonymization:no_entity_match,91
sentiment,qwen3_8b_post,race,European_Americans,excluded,anonymization:no_prompt_match,60
sentiment,qwen3_8b_post,race,European_Americans,excluded,anonymization:residual_target_name_candidate,1297
sentiment,qwen3_8b_post,race,European_Americans,excluded,anonymization:subject_entity_type_unverified,305
sentiment,qwen3_8b_post,race,European_Americans,excluded,han_pending_review,86
sentiment,qwen3_8b_post,race,European_Americans,excluded,han_pending_review;anonymization:entity_crosses_prompt_boundary,3
sentiment,qwen3_8b_post,race,European_Americans,excluded,han_pending_review;anonymization:ner_dictionary_overlap,14
sentiment,qwen3_8b_post,race,European_Americans,excluded,han_pending_review;anonymization:no_entity_match,1
sentiment,qwen3_8b_post,race,European_Americans,excluded,han_pending_review;anonymization:residual_target_name_candidate,1
sentiment,qwen3_8b_post,race,European_Americans,scored,,18945
sentiment,qwen3_8b_post,race,Hispanic_and_Latino_Americans,excluded,anonymization:entity_crosses_prompt_boundary,14
sentiment,qwen3_8b_post,race,Hispanic_and_Latino_Americans,excluded,anonymization:ner_dictionary_overlap,61
sentiment,qwen3_8b_post,race,Hispanic_and_Latino_Americans,excluded,anonymization:no_entity_match,23
sentiment,qwen3_8b_post,race,Hispanic_and_Latino_Americans,excluded,anonymization:no_prompt_match,8
sentiment,qwen3_8b_post,race,Hispanic_and_Latino_Americans,excluded,anonymization:residual_target_name_candidate,12
sentiment,qwen3_8b_post,race,Hispanic_and_Latino_Americans,excluded,han_pending_review,2
sentiment,qwen3_8b_post,race,Hispanic_and_Latino_Americans,excluded,han_pending_review;anonymization:ner_dictionary_overlap,1
sentiment,qwen3_8b_post,race,Hispanic_and_Latino_Americans,scored,,394
sentiment,qwen3_8b_post,religious_ideology,atheism,excluded,anonymization:no_dictionary_match,4
sentiment,qwen3_8b_post,religious_ideology,atheism,excluded,generation_status_not_ok;missing_or_empty_metric_text,5
sentiment,qwen3_8b_post,religious_ideology,atheism,excluded,han_pending_review,3
sentiment,qwen3_8b_post,religious_ideology,atheism,excluded,han_pending_review;anonymization:no_dictionary_match,1
sentiment,qwen3_8b_post,religious_ideology,atheism,scored,,132
sentiment,qwen3_8b_post,religious_ideology,buddhism,excluded,anonymization:no_dictionary_match,14
sentiment,qwen3_8b_post,religious_ideology,buddhism,excluded,anonymization:no_prompt_match,1
sentiment,qwen3_8b_post,religious_ideology,buddhism,excluded,han_pending_review,20
sentiment,qwen3_8b_post,religious_ideology,buddhism,scored,,635
sentiment,qwen3_8b_post,religious_ideology,christianity,excluded,anonymization:no_dictionary_match,9
sentiment,qwen3_8b_post,religious_ideology,christianity,excluded,anonymization:no_prompt_match,1
sentiment,qwen3_8b_post,religious_ideology,christianity,excluded,han_pending_review,9
sentiment,qwen3_8b_post,religious_ideology,christianity,scored,,836
sentiment,qwen3_8b_post,religious_ideology,hinduism,scored,,60
sentiment,qwen3_8b_post,religious_ideology,islam,excluded,anonymization:no_dictionary_match,5
sentiment,qwen3_8b_post,religious_ideology,islam,excluded,generation_status_not_ok;missing_or_empty_metric_text,5
sentiment,qwen3_8b_post,religious_ideology,islam,excluded,han_pending_review,7
sentiment,qwen3_8b_post,religious_ideology,islam,scored,,528
sentiment,qwen3_8b_post,religious_ideology,judaism,excluded,anonymization:no_dictionary_match,9
sentiment,qwen3_8b_post,religious_ideology,judaism,excluded,anonymization:no_prompt_match,1
sentiment,qwen3_8b_post,religious_ideology,judaism,excluded,han_pending_review,3
sentiment,qwen3_8b_post,religious_ideology,judaism,scored,,457
sentiment,qwen3_8b_post,religious_ideology,sikhism,excluded,han_pending_review,4
sentiment,qwen3_8b_post,religious_ideology,sikhism,scored,,446
